date,ts_code,close,open,high,low,pre_close,change,pct_chg,volume,amount,returns,logReturns,ma5,ma20,ma60,volatility
2024-08-01,000300.SH,3419.2666,3443.1397,3448.3361,3419.1872,3442.0844,-22.8178,-0.6629,136323464.0,206038002.518,,,,,,
2024-08-02,000300.SH,3384.3919,3393.9167,3419.1023,3380.9645,3419.2666,-34.8747,-1.0199,116615255.0,179671192.428,-0.01019946792098625,-0.010251838902348195,,,,
2024-08-05,000300.SH,3343.3205,3362.1117,3409.0314,3343.3205,3384.3919,-41.0714,-1.2136,142812516.0,223631266.563,-0.01213553312191784,-0.012209769917402505,,,,
2024-08-06,000300.SH,3342.9789,3367.3517,3376.7956,3318.6251,3343.3205,-0.3416,-0.0102,119340279.0,181724693.848,-0.00010217387175404102,-0.00010217909185965092,,,,
2024-08-07,000300.SH,3341.489,3338.5909,3362.3839,3329.9658,3342.9789,-1.4899,-0.0446,95084377.0,145078975.326,-0.00044568034814695956,-0.0004457796931518292,3366.2893799999997,,,
2024-08-08,000300.SH,3342.9369,3332.4281,3364.7855,3320.8432,3341.489,1.4479,0.0433,92495695.0,149482926.227,0.0004333098208613162,0.00043321596927112054,3351.02344,,,
2024-08-09,000300.SH,3331.6274,3358.128,3366.6688,3331.6274,3342.9369,-11.3095,-0.3383,91511626.0,142852166.559,-0.0033831030433151277,-0.003388838676227704,3340.47054,,,
2024-08-12,000300.SH,3325.8645,3327.5561,3338.0771,3319.8908,3331.6274,-5.7629,-0.173,79938754.0,117544892.727,-0.001729755254143872,-0.0017312530081779588,3336.9793400000003,,,
2024-08-13,000300.SH,3334.3903,3328.0138,3335.014,3310.1909,3325.8645,8.5258,0.2563,84489679.0,125259155.343,0.0025634838701336093,0.002560203749851808,3335.26162,,,
2024-08-14,000300.SH,3309.2389,3332.7866,3332.7866,3309.1,3334.3903,-25.1514,-0.7543,78742407.0,118181952.004,-0.0075430281811941224,-0.007571620691752355,3328.8115999999995,,,
2024-08-15,000300.SH,3341.953,3301.4455,3356.7644,3297.9711,3309.2389,32.7141,0.9886,104766399.0,149249335.426,0.009885687007970434,0.009837143267467686,3328.6148200000002,,,
2024-08-16,000300.SH,3345.634,3342.0346,3356.9071,3335.6239,3341.953,3.681,0.1101,96519083.0,135885323.083,0.0011014517559044812,0.0011008456029771622,3331.41614,,,
2024-08-19,000300.SH,3356.9677,3344.2614,3375.9621,3343.7116,3345.634,11.3337,0.3388,105571110.0,143421671.337,0.003387609045101714,0.0033818840233607026,3337.63678,,,
2024-08-20,000300.SH,3332.7034,3361.6394,3362.3338,3321.6397,3356.9677,-24.2643,-0.7228,101668331.0,137910585.092,-0.007228040948979109,-0.007254289798614261,3337.2994,,,
2024-08-21,000300.SH,3321.635,3322.9134,3339.443,3307.9917,3332.7034,-11.0684,-0.3321,89954751.0,130005992.563,-0.003321147630479082,-0.0033266748825438617,3339.77862,,,
2024-08-22,000300.SH,3313.1357,3322.8723,3327.6962,3305.2453,3321.635,-8.4993,-0.2559,100366504.0,147702791.561,-0.002558770003326827,-0.0025620492503788703,3334.01516,,,
2024-08-23,000300.SH,3327.1905,3305.9307,3336.2414,3305.6403,3313.1357,14.0548,0.4242,89525774.0,132680886.5,0.004242144383038715,0.004233171854778825,3330.32646,,,
2024-08-26,000300.SH,3324.2231,3330.7184,3336.5271,3311.5701,3327.1905,-2.9674,-0.0892,93990772.0,139070603.958,-0.0008918635707814149,-0.0008922615177230389,3323.77754,,,
2024-08-27,000300.SH,3305.3338,3315.686,3320.5667,3299.5635,3324.2231,-18.8893,-0.5682,95808157.0,129755962.864,-0.0056823201788112065,-0.005698525980312443,3318.30362,,,
2024-08-28,000300.SH,3286.4956,3298.9089,3305.3496,3274.5881,3305.3338,-18.8382,-0.5699,92696650.0,135982310.965,-0.005699333604369916,-0.0057156367804732594,3311.27574,3336.5388350000003,,
2024-08-29,000300.SH,3277.6812,3273.541,3290.7857,3269.5288,3286.4956,-8.8144,-0.2682,130702333.0,174340106.393,-0.0026820057206223824,-0.002685608741622298,3304.1848400000003,3329.4595649999997,,0.08244171191089157
2024-08-30,000300.SH,3321.4323,3273.7532,3351.6254,3273.6496,3277.6812,43.7511,1.3348,188695443.0,268376041.211,0.013348186516736193,0.013259884389376055,3303.0332000000003,3326.3115850000004,,0.09340067667347692
2024-09-02,000300.SH,3265.011,3307.5432,3307.7627,3264.7565,3321.4323,-56.4213,-1.6987,147612353.0,194409996.348,-0.016987038995194936,-0.017132973769498065,3291.19078,3322.39611,,0.1022905018573551
2024-09-03,000300.SH,3273.4282,3261.741,3281.5935,3261.1877,3265.011,8.4172,0.2578,122897306.0,155089488.535,0.0025780005029079067,0.0025746831597963783,3284.80966,3318.9185749999997,,0.10309894042475336
2024-09-04,000300.SH,3252.1649,3253.898,3272.9861,3249.9809,3273.4282,-21.2633,-0.6496,104832482.0,140070063.077,-0.006495728239892196,-0.006516917291298055,3277.94352,3314.45237,,0.10486523487249214
2024-09-05,000300.SH,3257.7578,3252.96,3266.882,3247.1725,3252.1649,5.5929,0.172,97109450.0,134618198.894,0.0017197467446989911,0.001718269673482513,3273.9588400000002,3310.193415,,0.10525135465228957
2024-09-06,000300.SH,3231.3457,3261.1542,3274.8144,3231.0685,3257.7578,-26.4121,-0.8107,88400417.0,121541545.906,-0.008107447398330248,-0.008140491473246482,3255.94152,3305.17933,,0.10781482670353183
2024-09-09,000300.SH,3192.9516,3214.7996,3222.9278,3180.9277,3231.3457,-38.3941,-1.1882,108673069.0,146516054.461,-0.01188176802005425,-0.01195292039801617,3241.5296399999997,3298.533685,,0.11394366381472953
2024-09-10,000300.SH,3195.7552,3193.4557,3205.0972,3171.7932,3192.9516,2.8036,0.0878,97290078.0,133610476.132,0.0008780590347814421,0.000877673766456223,3225.99504,3291.60193,,0.11320054030031454
2024-09-11,000300.SH,3186.1299,3187.0508,3197.3363,3174.0343,3195.7552,-9.6253,-0.3012,102482110.0,141513837.135,-0.0030119015373893943,-0.003016446440987152,3212.78804,3285.44648,,0.11143814194386438
2024-09-12,000300.SH,3172.4747,3189.4271,3201.5544,3171.8775,3186.1299,-13.6552,-0.4286,92868657.0,136387244.637,-0.004285826513225288,-0.004295036993443384,3195.73142,3276.972565,,0.10261405087359261
2024-09-13,000300.SH,3159.247,3174.0344,3188.9145,3159.247,3172.4747,-13.2277,-0.417,88336677.0,137448911.397,-0.004169521036684776,-0.004178237727577415,3181.31168,3267.653215,,0.10180926439914079
2024-09-18,000300.SH,3171.0102,3158.8179,3179.9012,3145.7908,3159.247,11.7632,0.3723,84722814.0,123452147.969,0.003723418903301967,0.003716504138199999,3176.9234,3258.35534,,0.1020884091981223
2024-09-19,000300.SH,3196.0357,3178.3959,3213.8378,3149.7925,3171.0102,25.0255,0.7892,125439272.0,181785109.713,0.007891964522851236,0.007860985852472009,3176.9795000000004,3251.521955,,0.10740990475563321
2024-09-20,000300.SH,3201.0497,3192.4322,3207.9875,3173.2238,3196.0357,5.014,0.1569,118064098.0,163985054.957,0.0015688185210196437,0.0015675892107855256,3179.96346,3245.49269,,0.10805480863242514
2024-09-23,000300.SH,3212.7639,3200.8678,3230.1613,3198.0248,3201.0497,11.7142,0.3659,95344855.0,143876166.861,0.0036594870738808627,0.0036528074421164,3188.0213,3240.4741000000004,,0.10973620704286406
2024-09-24,000300.SH,3351.909,3244.6468,3351.9684,3222.4885,3212.7639,139.1451,4.331,204072217.0,307879526.848,0.04331009197407876,0.04239843957265368,3226.5537,3241.7100250000003,,0.19297405342808707
2024-09-25,000300.SH,3401.533,3403.7021,3465.4882,3393.438,3351.909,49.624,1.4805,241564255.0,356862584.94,0.014804697860234306,0.014696178078189136,3272.65826,3245.57552,,0.19947230861744764
2024-09-26,000300.SH,3545.3204,3399.3188,3545.3249,3391.6772,3401.533,143.7874,4.2271,243134010.0,373983643.045,0.04227135235789281,0.04140232435989194,3342.5152000000003,3257.57485,,0.24490516950457533
2024-09-27,000300.SH,3703.6849,3617.9203,3708.4951,3596.5833,3545.3204,158.3645,4.4669,265487774.0,466692757.482,0.044668600332991026,0.04369970625282989,3443.04224,3278.434315,,0.28194022017240217
2024-09-30,000300.SH,4017.8545,3846.6515,4038.6968,3796.5045,3703.6849,314.1696,8.4826,510217707.0,862528807.419,0.08482622266273232,0.08141981072040237,3604.0603600000004,3315.44298,,0.3943333352304404
2024-10-08,000300.SH,4256.0962,4450.3675,4450.3675,4094.3519,4017.8545,238.2417,5.9296,589867894.0,1130387437.13,0.05929575100342732,0.0576043014760725,3784.8978,3362.1761749999996,,0.4307577047099202
2024-10-09,000300.SH,3955.9839,4168.8436,4197.6,3942.5118,4256.0962,-300.1123,-7.0514,482269295.0,1029032062.193,-0.07051351423870533,-0.0731230111826069,3895.78798,3396.7248200000004,,0.5137741988447667
2024-10-10,000300.SH,3997.7879,3979.6116,4098.4967,3912.7708,3955.9839,41.804,1.0567,395053099.0,717952217.513,0.010567282642378606,0.010511839160420986,3986.28148,3432.942805,,0.5129973864892245
2024-10-11,000300.SH,3887.167,3969.7576,3978.2389,3847.1228,3997.7879,-110.6209,-2.7671,274096505.0,484998267.296,-0.0276705274934671,-0.028060568472753827,4022.9779000000003,3464.69291,,0.527619505633374
2024-10-14,000300.SH,3961.3424,3915.2186,3979.5431,3868.779,3887.167,74.1754,1.9082,307578993.0,534076602.216,0.01908212330471004,0.01890234304887516,4011.6754799999994,3499.8721399999995,,0.5278331601266251
2024-10-15,000300.SH,3855.9949,3942.5342,3967.8712,3855.9949,3961.3424,-105.3475,-2.6594,242486448.0,434410916.724,-0.026593888980664726,-0.026953903587968227,3931.6552199999996,3531.1046,,0.5403357438850848
2024-10-16,000300.SH,3831.589,3806.1373,3877.7483,3805.0868,3855.9949,-24.4059,-0.6329,218866407.0,377301324.426,-0.0063293392841365925,-0.006349454474184984,3906.77624,3563.0364700000005,,0.5377858051427108
2024-10-17,000300.SH,3788.2217,3853.841,3882.0733,3787.7498,3831.589,-43.3673,-1.1318,212313820.0,369170521.635,-0.011318359041118442,-0.011382899120795377,3864.8630000000003,3592.6597950000005,,0.5421637683116723
2024-10-18,000300.SH,3925.234,3780.3143,3998.214,3765.1615,3788.2217,137.0123,3.6168,312958834.0,620673701.894,0.036167972956809846,0.035529266753357894,3872.4763999999996,3629.6150000000002,,0.5483676321128459
2024-10-21,000300.SH,3935.1974,3946.9016,3979.2638,3896.165,3925.234,9.9634,0.2538,291185634.0,600109598.949,0.0025382945322496298,0.002535078503685626,3867.2474,3667.751135,,0.5463681385643341
2024-10-22,000300.SH,3957.7755,3923.7443,3965.9084,3917.5218,3935.1974,22.5781,0.5737,223433396.0,442881846.814,0.005737475837933825,0.005721079210379723,3887.6035199999997,3707.67756,,0.543751858621326
2024-10-23,000300.SH,3973.2089,3955.3191,4012.1795,3939.0986,3957.7755,15.4334,0.39,245873949.0,469120806.272,0.003899513754633155,0.0038919303588495634,3915.9275000000002,3747.7874950000005,,0.5437171630015047
2024-10-24,000300.SH,3928.8334,3950.8987,3957.9832,3914.0887,3973.2089,-44.3755,-1.1169,174724062.0,340486884.485,-0.011168680307748202,-0.011231518334287871,3944.0498399999997,3784.4273799999996,,0.5497536687866577
2024-10-25,000300.SH,3956.421,3931.3205,3992.8918,3921.9396,3928.8334,27.5876,0.7022,210694885.0,412231378.43,0.007021829940663693,0.006997291694767125,3950.28724,3822.1959449999995,,0.5488608308459757
2024-10-28,000300.SH,3964.1569,3953.1063,3964.1569,3917.2042,3956.421,7.7359,0.1955,216160415.0,390450182.338,0.001955277256894483,0.001953368190416609,3956.0791400000003,3859.765595,,0.549205121268453
2024-10-29,000300.SH,3924.649,3970.008,3991.3091,3921.5795,3964.1569,-39.5079,-0.9966,217293984.0,429625020.405,-0.009966280598025845,-0.010016276431536042,3949.4538400000006,3888.4025950000005,,0.5402856954625878
2024-10-30,000300.SH,3889.4487,3904.1595,3926.0581,3864.3051,3924.649,-35.2003,-0.8969,219436626.0,385010582.233,-0.008969031370703484,-0.009009495262216016,3932.7018,3912.7983799999993,,0.5431678066420438
2024-10-31,000300.SH,3891.0396,3888.4229,3923.8997,3859.1079,3889.4487,1.5909,0.0409,300636718.0,515533818.945,0.0004090296910201907,0.00040894606118007065,3925.14304,3930.08434,,0.5274945415839184
